{"train_loss": 0.03166395407170057, "test_loss": 0.06381800025701523, "_timestamp": 1695233189.0364842, "_runtime": 346.8185291290283, "_step": 49, "_wandb": {"runtime": 347}}