{"train_loss": 0.05551736863950888, "test_loss": 0.08024611324071884, "_timestamp": 1687361486.5604393, "_runtime": 1160.2746412754059, "_step": 49, "_wandb": {"runtime": 1160}}