{"epoch": 47, "learning_rate": [2.6923449579255225e-05], "train_loss": 0.0720359057188034, "test_loss": 0.1067872941493988, "_timestamp": 1686063748.2799547, "_runtime": 583.1317167282104, "_step": 46}