{"train_loss": 0.055269337362713285, "test_loss": 0.0831994041800499, "_timestamp": 1687279673.2658143, "_runtime": 1654.5600593090057, "_step": 49, "_wandb": {"runtime": 1654}}