{"train_loss": 0.06244137063622475, "test_loss": 0.08314186707139015, "_timestamp": 1701442232.614149, "_runtime": 374.43485403060913, "_step": 23}