{"train_loss": 0.06401634681969881, "test_loss": 0.08689352124929428, "_timestamp": 1687277793.237115, "_runtime": 581.1554160118103, "_step": 25}