{"train_loss": 0.05771982342004776, "test_loss": 0.08130129054188728, "_timestamp": 1701444818.8193212, "_runtime": 699.995619058609, "_step": 29, "_wandb": {"runtime": 700}}