{"train_loss": 0.13374538843830427, "test_loss": 0.16006992757320404, "_timestamp": 1687277089.9718978, "_runtime": 30.80843472480774, "_step": 0}