{"train_loss": 0.0520125013589859, "test_loss": 0.07984495908021927, "_timestamp": 1701443986.51979, "_runtime": 1145.2459700107574, "_step": 49, "_wandb": {"runtime": 1145}}