Histo,MRI,Histo-x,Histo-y,MRI-x,MRI-y
HMU_025_SH_A4_segmented.png,HMU_025_SH_A4.png,477.7374117;481.8065361;489.9447849;534.7051536;442.4716667;522.4977803;419.4132949;205.1060753;853.4532335;739.5177496;686.6191321;758.5069969;841.2458602;286.4885637;232.2335714;664.9171352;766.6452458;308.29626164015065;305.2550740912284;310.7924568486801;307.22026811770127;316.1359653198444;315.61902046178045,75.69132873;190.9831874;330.6897926;245.2381797;243.8818049;597.8956298;601.9647542;376.8065361;389.0139094;326.6206682;161.1429416;566.6990092;249.3073041;219.4670584;576.1936329;218.1106836;226.2489324;309.3839308631159;279.548578481638;210.24259306333613;269.95250164441046;311.18752698898794;251.1896547668739,221.564245;224.0016393;223.5954069;224.4078717;221.7673612;235.1730299;213.4395973;167.1291053;280.0617085;258.7345083;243.9070262;265.843575;272.3432932;191.0968161;179.5191931;240.8602833;259.3438568;199.14925426066935;200.00016188362545;201.54920759331893;202.5088888697004;205.20355171685503;204.0328305766732,173.9617679;194.070271;202.6011511;198.5388272;198.5388272;242.4119249;240.1776468;212.9600769;222.9127704;206.0541264;184.3206938;240.380763;200.9762216;185.1331585;235.0997419;194.4765034;194.6796196;200.45863979703455;196.41505961975696;189.62740155208803;193.93190694760565;201.03474861954183;193.19215182896147